S.No,Source Name,URL,Focus/Category,Type,Update Frequency,Monthly Reach
1,YourStory,https://www.yourstory.com,Startups & Entrepreneurship,News/Stories,Daily,12M+
2,Inc42,https://inc42.com,Tech & D2C,News/Analysis,Daily,10M+
3,IndianStartupNews,https://www.indianstartupnews.com,Regional Startups,News/Stories,Daily,1M+
4,Entrackr,https://www.entrackr.com,Tech/E-commerce/Fintech,Investigative News,Daily,1M+
5,StartupTalky,https://www.startuptalky.com,Startup News & Founder Stories,News/Stories,Daily,1M+
6,Startup Chronicle,https://www.startupchronicle.in,Startup Stories,News/Features,Daily,2M+
7,The Entrepreneur Today,https://www.theentrepreneurtoday.com,Startup News,News/Analysis,Daily,1M+
8,The Entrepreneur India,https://www.theentrepreneurindia.com,Regional Startups,News/Stories,Daily,1M+
9,Startup Magazine,https://www.startupmagazine.in,Founder Journeys,Magazine/Stories,Weekly,1M+
10,Startup Times India,https://www.startuptimes.in,Market Trends,News/Commentary,Daily,1M+
11,India News Bulletin,https://www.IndianewsBulletin.in,Startup Interviews,News/Features,Daily,1M+
12,StartupReporter.in,https://www.startupreporter.in,Early-stage Startups,News/Coverage,Daily,2M+
13,Story Network,https://www.storynetwork.in,Entrepreneurial Stories,News/Features,Daily,500K+
14,Startup Updates,https://www.startupupdates.in,Funding News,News/Updates,Daily,1M+
15,Startup Newswire,https://www.startupnewswire.in,Press Releases,News/Press,Daily,500K+
16,Entrepreneur Tales,https://www.entrepreneurtales.in,Founder Stories,Stories/Features,Weekly,1M+
17,Entrepreneur Live,https://www.entrepreneurlive.in,Live Events & News,News/Events,Daily,1M+
18,Entrepreneur Guild,https://www.entrepreneurguild.in,Startup Insights,News/Guides,Daily,500K+
19,Entrepreneur Edge,https://www.entrepreneuredge.in,Strategic Analysis,Analysis,Weekly,1M+
20,Business Saga,https://www.businesssaga.in,Business News,News/Trends,Daily,1M+
21,Business Max,https://www.businessmax.in,Growth Advice,News/Advice,Daily,1M+
22,Republic Business,https://www.republicbusiness.in,Startup Features,News/Features,Daily,1M+
23,Business Byte,https://www.businessbyte.in,Business News,News/Updates,Daily,500K+
24,Taalk,https://taalk.com,Startup Insights,News/Stories,Daily,500K+
25,StartupIndia Blog,https://www.startupindian.com,Startup Ecosystem,Blog/Podcast,Bi-weekly,500K+
26,Economic Times Startups,https://economictimes.indiatimes.com,Business & Startups,Newspaper,Daily,15M+
27,Mint Startup,https://www.livemint.com,Business & Finance,Newspaper,Daily,8M+
28,Moneycontrol Startups,https://www.moneycontrol.com,Finance & Business,News Portal,Daily,12M+
29,Business Standard,https://www.business-standard.com,Business News,Newspaper,Daily,5M+
30,Business Today,https://www.businesstoday.in,Business Coverage,Magazine,Daily,4M+
31,Livemint,https://www.livemint.com,Financial News,Newspaper,Daily,8M+
32,The Hindu BusinessLine,https://www.thehindubusinessline.com,Business & Finance,Newspaper,Daily,3M+
33,Financial Express,https://www.financialexpress.com,Financial News,Newspaper,Daily,5M+
34,Business Insider India,https://www.businessinsider.com,Business & Tech,News Portal,Daily,6M+
35,The Ken,https://the-ken.com,Investigative Business,Subscription,Daily,Premium
36,FactorDaily,https://www.factordaily.com,Tech & Society,News Portal,Daily,500K+
37,Medianama,https://www.medianama.com,Digital & Policy,News Portal,Daily,500K+
38,OfficeChai,https://officechai.com,Startup Culture,News Portal,Daily,500K+
39,BloombergQuint,https://www.bqprime.com,Finance & Business,News/TV,Daily,1M+
40,NextBigWhat,https://www.nextbigwhat.com,Tech News,News/Curated,Daily,500K+
41,Trak.in,https://trak.in,News & Commentary,News/Blog,Daily,500K+
42,IndianWeb2,https://www.indianweb2.com,Tech News,News/Tech,Daily,500K+
43,HackerNoon,https://hackernoon.com,Tech & Startups,Publication,Daily,2M+
44,LetsVenture,https://www.letsventure.com,Angel Funding,Investment Platform,Daily,1M+
45,AngelList India,https://www.angellist.com,Angel Investment,Investment Platform,Daily,1M+
46,Indian Angel Network,https://www.indianangelnetwork.com,Angel Network,Investor Network,Weekly,500K+
47,Inflection Point Ventures,https://www.inflectionpointventures.com,Angel Investments,Investment Platform,Weekly,500K+
48,Tracxn,https://tracxn.com,Startup Intelligence,Database,Real-time,1M+
49,Venture Catalysts,https://www.venturecatalysts.com,Angel Funding,Investment Platform,Weekly,500K+
50,Mumbai Angels,https://www.mumbaiangels.com,Angel Network,Investor Network,Weekly,500K+
51,Startup India,https://www.startupindia.gov.in,Government Support,Official Portal,Weekly,Official
52,MSMEGov,https://msmegov.in,MSME Support,Government Tool,Monthly,Official
53,Ministry of MSME,https://services.india.gov.in,Enterprise Support,Official,Monthly,Official
54,DPIIT,https://dpiit.gov.in,Innovation Support,Official,Monthly,Official
55,CoinDCX Ecosystem,https://coindcx.com,Crypto & Blockchain,News Portal,Daily,500K+
56,Fintech Futures,https://www.fintechfutures.com,Fintech News,News Portal,Daily,1M+
57,FintechNews,https://fintechnews.sg,Regional Fintech,News Portal,Daily,1M+
58,Crypto India,https://cryptoindia.com,Blockchain & Crypto,News Portal,Daily,500K+
59,Payments Industry India,https://paymentsindustrynews.in,Payments News,News Portal,Daily,300K+
60,EdTechReview,https://edtechreview.in,EdTech News,News Portal,Daily,500K+
61,Vedantu Blog,https://blog.vedantu.com,EdTech Updates,Blog,Daily,500K+
62,BYJU'S News,https://byjus.com,EdTech,Blog,Weekly,1M+
63,Learning Tree,https://learningtree.in,EdTech Insights,Blog,Weekly,300K+
64,EdTechAsia,https://edtechasia.com,Regional EdTech,News Portal,Daily,500K+
65,Digital Health News,https://www.digitalhealthnews.com,HealthTech,News Portal,Daily,500K+
66,Practo Blog,https://blog.practo.com,HealthTech News,Blog,Weekly,500K+
67,MedTech India,https://medtechindia.in,Medical Technology,News Portal,Daily,300K+
68,Health Tech Today,https://healthtechtoday.in,HealthTech Trends,Blog,Bi-weekly,300K+
69,Medtech Spotlight,https://medtechspotlight.in,Device News,News Portal,Weekly,200K+
70,SaaSBoomi,https://saasboomi.org,B2B SaaS,Blog/Tracker,Weekly,500K+
71,Wellfound SaaS,https://wellfound.com,SaaS Directory,Database,Real-time,2M+
72,G2 India,https://www.g2.com,SaaS Reviews,Review Platform,Daily,5M+
73,SaaS Mastery Hub,https://saasmastery.in,SaaS Learning,Blog,Bi-weekly,200K+
74,B2B Insider,https://b2binsider.in,B2B News,News Portal,Daily,500K+
75,D2C News,https://inc42.com,D2C Coverage,News Portal,Daily,10M+
76,Outlook Business D2C,https://www.outlookbusiness.com,D2C & Ecommerce,Magazine,Weekly,1M+
77,Inc Business,https://incbusiness.in,Online Selling,News Portal,Daily,500K+
78,D2C Today,https://d2ctoday.in,Direct to Consumer,Blog,Bi-weekly,300K+
79,Ecommerce News,https://ecommercenews.in,E-commerce,News Portal,Daily,500K+
80,KisanSabha,https://kisansabha.in,Agri Supply Chain,Blog,Bi-weekly,300K+
81,AgriTech News,https://inc42.com,Agriculture Tech,News Portal,Weekly,10M+
82,Agri-Tech Today,https://agritechtoday.in,Agriculture Innovation,Blog,Weekly,200K+
83,Farm News,https://farmnews.in,Agricultural Startups,News Portal,Daily,500K+
84,Rural Startup Hub,https://ruralstartuphub.in,Rural Entrepreneurship,Blog,Bi-weekly,200K+
85,Robotics 24/7,https://www.robotics247.com,Robotics News,News Portal,Daily,500K+
86,DeepTech Today,https://deeptechtoday.in,Hardware & AI,Blog,Weekly,300K+
87,Manufacturing Startups,https://www.indianstartuptimes.com,Manufacturing Tech,News Portal,Daily,1M+
88,Quantum Computing India,https://quantumcomputingindia.in,Quantum Tech,Blog,Bi-weekly,100K+
89,Semiconductor News,https://semiconductorind.in,Semiconductor Tech,News Portal,Weekly,200K+
90,Beehiiv,https://www.beehiiv.com,Newsletter Platform,Creator Platform,Real-time,1M+
91,Substack,https://substack.com,Newsletter Publishing,Creator Platform,Real-time,2M+
92,LinkedIn,https://www.linkedin.com,Professional Network,Social Network,Real-time,900M+
93,Ghost,https://ghost.org,Newsletter Platform,Creator Platform,Real-time,500K+
94,ConvertKit,https://convertkit.com,Creator Platform,Creator Platform,Real-time,1M+
95,Flodesk,https://flodesk.com,Newsletter Platform,Creator Platform,Real-time,200K+
96,The Morning Context,https://www.themorningcontext.com,Newsletter,Newsletter,Daily,100K+
97,Marketing Monk,https://marketingmonk.in,Newsletter,Newsletter,Daily,50K+
98,Social Syntax,https://socialsyntax.in,Newsletter,Newsletter,Daily,30K+
99,Figment,https://figmentmagazine.in,Newsletter,Newsletter,Weekly,40K+
100,Business Weekly,https://businessweekly.in,Newsletter,Newsletter,Weekly,50K+
101,Tech Bytes Daily,https://techbytesdaily.in,Newsletter,Newsletter,Daily,30K+
102,HubHopper,https://www.hubhopper.com,Podcast Hosting,Audio Platform,Real-time,500K+
103,Acast,https://www.acast.com,Podcast Network,Audio Platform,Real-time,1M+
104,Spotify Podcasts,https://podcasters.spotify.com,Podcast Distribution,Audio Platform,Real-time,500M+
105,YouTube,https://www.youtube.com,Video/Podcast,Video Platform,Real-time,2B+
106,Gaana Studios,https://www.gaana.com,Podcast Platform,Audio Platform,Real-time,100M+
107,Feedspot,https://feedspot.com,RSS Aggregator,Aggregator,Real-time,1M+
108,Feedly,https://feedly.com,RSS Reader,Aggregator,Real-time,10M+
109,NewsBlur,https://www.newsblur.com,RSS Reader,Aggregator,Real-time,500K+
110,Inoreader,https://www.inoreader.com,RSS Reader,Aggregator,Real-time,1M+
111,Business Outreach,https://www.businessoutreach.in,News Platform,Aggregator,Daily,500K+
112,TechCrunch,https://techcrunch.com,Tech News,News Portal,Daily,20M+
113,Crunchbase,https://crunchbase.com,Startup Database,Database,Real-time,2M+
114,CB Insights,https://cbinsights.com,Market Intelligence,Research,Weekly,500K+
115,Pitchbook,https://pitchbook.com,VC Intelligence,Database,Real-time,300K+
116,Product Hunt,https://www.producthunt.com,Product Launch,Marketplace,Daily,5M+
117,Forbes India,https://www.forbesindia.com,Premium Business,Magazine,Daily,2M+
118,Outlook Business,https://www.outlookbusiness.com,Business Magazine,Magazine,Weekly,1M+
119,Medium,https://medium.com,Personal Publishing,Blog Platform,Real-time,100M+
120,Sequoia Surge,https://www.sequoiacap.com,Accelerator,Accelerator,Monthly,50+
121,Y Combinator,https://www.ycombinator.com,Global Accelerator,Accelerator,Quarterly,200+
122,Techstars Bangalore,https://www.techstars.com,Tech Accelerator,Accelerator,Semi-annual,20+
123,Axilor Ventures,https://www.axilor.com,Accelerator,Accelerator,Quarterly,15+
124,100X.VC,https://www.100x.vc,DeepTech Accelerator,Accelerator,Quarterly,20+
125,T-Hub,https://t-hub.co,Incubator Hub,Incubator,Monthly,100+
126,CIIE.CO,https://ciie.co,Academic Incubator,Incubator,Quarterly,30+
127,NSRCEL,https://nsrcel.org,Academic Incubator,Incubator,Quarterly,20+
128,NASSCOM 10K,https://www.nasscom.in,Accelerator,Accelerator,Quarterly,50+
129,Social Alpha,https://socialalpha.org,Social Impact,Accelerator,Quarterly,20+
130,Villgro,https://villgro.org,Social Incubator,Incubator,Monthly,30+
131,Startup India Accelerator,https://www.startupindia.gov.in,Government,Accelerator,Quarterly,Various
132,IIT Madras Research Park,https://iitmrp.org,Research Incubator,Incubator,Monthly,15+
133,KIIT-TBI,https://kiitincubator.in,Bio-Tech Incubator,Incubator,Monthly,10+
134,Sristi Incubator,https://sristi.org,Rural Innovation,Incubator,Monthly,20+
135,Kunal Shah,https://www.linkedin.com/in/kunalshah,Thought Leader,LinkedIn Creator,Daily,2M+
136,Ankur Warikoo,https://www.linkedin.com/in/ankurwarikoo,Author/Mentor,LinkedIn Creator,Daily,1M+
137,Raj Shamani,https://www.linkedin.com/in/rajshamani,Investor/Entrepreneur,LinkedIn Creator,Daily,1M+
138,Nikhil Kamath,https://www.linkedin.com/in/nikhilkamath,Co-founder,LinkedIn Creator,Daily,500K+
139,Ritesh Agarwal,https://www.linkedin.com/in/riteshaggarwal,Founder OYO,LinkedIn Creator,Daily,1M+
140,Peyush Bansal,https://www.linkedin.com/in/peyushbansal,Founder Lenskart,LinkedIn Creator,Daily,500K+
141,Sairee Chahal,https://www.linkedin.com/in/saireechahal,Founder SHEROES,LinkedIn Creator,Daily,500K+
142,Bhavin Turakhia,https://www.linkedin.com/in/bhavin,Founder Flock,LinkedIn Creator,Daily,500K+
143,Shailendra Singh,https://www.linkedin.com/in/shailendra,VC Partner,LinkedIn Creator,Daily,300K+
144,Simerjeet Singh,https://www.linkedin.com/in/simerjeetsingh,Motivational Speaker,LinkedIn Creator,Daily,300K+
145,Nidhi Razdan,https://www.linkedin.com/in/nidhirazdan,Educator,LinkedIn Creator,Daily,200K+
146,Meena Ganesh,https://www.linkedin.com/in/meenaganesh,Healthcare Entrepreneur,LinkedIn Creator,Daily,200K+
147,Shreya Pattar,https://www.linkedin.com/in/shreyapattar,Content Creator,LinkedIn Creator,Daily,100K+
148,Ankur Tewari,https://www.linkedin.com/in/ankurtewari,Poet/Storyteller,LinkedIn Creator,Daily,100K+
149,Vaibhav Sisinty,https://www.linkedin.com/in/vaibhavsisinty,Growth Hacker,LinkedIn Creator,Daily,150K+
150,Bangalore Hub,https://www.bangalorestartuphub.in,Hub News,Community,Weekly,50K+
151,Hyderabad Tech,https://www.hyderabadtech.in,Hub News,Community,Weekly,40K+
152,Delhi Startup,https://www.delhistartup.com,Hub News,Community,Weekly,30K+
153,Mumbai Startup,https://www.mumbaistartup.in,Hub News,Community,Daily,25K+
154,Pune Tech,https://www.puneterch.in,Hub News,Blog,Weekly,20K+
155,Chennai Startup,https://www.chennaistartup.in,Hub News,Community,Weekly,15K+
156,Ahmedabad Startup,https://www.ahmedabadstartup.in,Hub News,Community,Weekly,10K+
157,Jaipur Tech,https://www.jaipur-tech.in,Hub News,Blog,Bi-weekly,8K+
158,Kolkata Startup,https://www.kolkatastartup.in,Hub News,Community,Weekly,10K+
159,Kochi Tech,https://www.kochi-tech.in,Hub News,Blog,Bi-weekly,8K+
160,Tier 2 Watch,https://www.tier2startup.in,Research,Blog,Weekly,15K+
161,Tier 3 Cities,https://www.tier3citystarups.in,Community,Blog,Bi-weekly,5K+
162,Regional Network,https://www.regionalstartup.in,Network,Community,Weekly,20K+
163,Grassroots,https://www.grassrootsentrepreneur.in,Stories,Blog,Weekly,10K+
164,Startup Voices,https://www.indianstartupvoices.in,Platform,Blog,Daily,5K+
165,Crunchbase Global,https://www.crunchbase.com,Company Data,Database,Real-time,2M+
166,AngelList Global,https://www.angellist.com,Startup Data,Database,Real-time,1M+
167,Dealroom,https://www.dealroom.co,VC Database,Database,Real-time,200K+
168,Owler,https://www.owler.com,Company Intelligence,Database,Real-time,1M+
169,DataFox,https://www.datafox.com,Company Data,Database,Real-time,100K+
170,Labnol,https://www.labnol.org,Technology Blog,Blog,Bi-weekly,500K+
171,GuidingTech,https://www.guidingtech.com,Tech Reviews,Blog,Daily,1M+
172,ShoutMeLoud,https://www.shoutmeloud.com,Digital Marketing,Blog,Daily,500K+
173,BloggersPassion,https://www.bloggerspassion.com,Blogging Guide,Blog,Bi-weekly,300K+
174,HellBound,https://www.hellboundbloggers.com,Digital Marketing,Blog,Bi-weekly,200K+
175,TechBlogCorner,https://www.techblogcorner.in,Tech Blog,Blog,Bi-weekly,50K+
176,NamasteUI,https://www.namasteui.in,Business Tech,Blog,Weekly,30K+
177,MoneyConnexion,https://www.moneyconnexion.in,Finance Blog,Blog,Bi-weekly,40K+
178,IndiBlogger,https://www.indiblogger.in,Blogger Network,Community,Daily,100K+
179,BloggingX,https://www.bloggingx.in,Blogging Guide,Blog,Bi-weekly,20K+
180,iftiSEO,https://www.iftiseo.com,SEO Blog,Blog,Daily,30K+
181,Stride Ventures,https://www.stridefin.com,Venture Debt,Lending,Monthly,100+
182,Efficient Capital,https://www.ecaplabs.com,Revenue Financing,Lending,Daily,500+
183,Trifecta Capital,https://www.trifectacap.com,Venture Debt,Lending,Monthly,50+
184,InnoVen Capital,https://www.innovencapital.com,Venture Debt,Lending,Monthly,30+
185,Recur Club,https://www.recurclub.com,SME Loans,Lending,Daily,100+
186,SIDBI,https://www.sidbi.in,Government Loans,Government,Weekly,Official
187,NASSCOM,https://www.nasscom.in,Tech Association,Association,Weekly,Official
188,CII,https://www.ciionline.org,Business Association,Association,Weekly,Official
189,FICCI,https://www.ficci.com,Business Federation,Association,Weekly,Official
190,Startup Council,https://www.startupindia.gov.in,Government,Council,Monthly,Official
191,TiE,https://www.tie.org,Entrepreneur Network,Network,Weekly,50K+
192,Reddit India,https://www.reddit.com/r/india,Community,Social Media,Real-time,500K+
193,Twitter/X,https://www.twitter.com,Social Feed,Social Media,Real-time,500M+
194,Instagram,https://www.instagram.com,Social Network,Social Media,Real-time,1B+
195,Telegram,https://www.telegram.org,Messaging,Messaging App,Real-time,Various
196,WhatsApp,https://www.whatsapp.com,Messaging,Messaging App,Real-time,Various
197,Discord,https://www.discord.com,Community,Community Platform,Real-time,Various
198,Slack,https://www.slack.com,Workspace,Workspace,Real-time,Various
199,The Times of India,https://www.timesofindia.com,Business News,Newspaper,Daily,10M+
200,The Hindu,https://www.thehindu.com,Business News,Newspaper,Daily,2M+
201,The New Indian Express,https://www.newindianexpress.com,Business News,Newspaper,Daily,1M+
202,The Indian Express,https://www.indianexpress.com,Business News,Newspaper,Daily,2M+
203,Hindustan Times,https://www.hindustantimes.com,Business News,Newspaper,Daily,3M+
204,The Telegraph,https://www.telegraphindia.com,Business News,Newspaper,Daily,500K+
205,Deccan Chronicle,https://www.deccanchronicle.com,Business News,Newspaper,Daily,500K+
206,The Tribune,https://www.tribuneindia.com,Business News,Newspaper,Daily,500K+
207,The Pioneer,https://www.dailypioneer.com,Business News,Newspaper,Daily,500K+
208,DNA India,https://www.dnaindia.com,Business News,Newspaper,Daily,1M+
209,Mint Newspaper,https://www.livemint.com,Financial News,Newspaper,Daily,8M+
210,Business India,https://www.businessindia.in,Business Coverage,Magazine,Weekly,500K+
211,Fortune India,https://www.fortuneindia.com,Business Magazine,Magazine,Monthly,500K+
212,The CEO Magazine,https://www.theceomagazine.in,Executive Focus,Magazine,Monthly,200K+
213,Entrepreneurial Era,https://www.entrepreneurialeramente.in,Entrepreneurship,Magazine,Monthly,100K+